Label;
1;
2;
3;
3(a);
3(b);
3(c);
4;
4(a);
4(a)(i);
4(a)(ii);
4(b);
5;
6;
7;
7(a);
7(b);
7(c);
7(d);
7(e);
7(f);
7(g);
7(h);
8;
8(a);
8(b);
8(c);
8_A;
9;
10;
11;
11(a);
11(b);
12;
12(a);
12(b);
12(b)(i);
12(b)(ii);
13;
14;
15;
16;
16(a);
16(b);
16(c);
17;
18;
19;
19(a);
19(b);
19(b)(i);
19(b)(ii);
20;
21;
21(a);
21(a)(i);
21(a)(ii);
21(b);
22;
23;
24;
25;
25(a);
25(b);
25(c);
26;
27;
28;
28A;
28B;
28B(a);
28B(b);
28C;
28D;
29;
29(a);
29(b);
29(c);
30;
31;
32;
32(a);
32(a)(i);
32(a)(ii);
32(a)(iii);
32(b);
33;
33(a);
33(b);
33(c);
33(d);
34;
34(a);
34(b);
34(b)(i);
34(b)(ii);
35;
36;
36(a);
36(b);
36(c);
37;
38;
38(a);
38(b);
38(c);
39;
40;
40(a);
40(a)(i);
40(a)(ii);
40(b);
41;
41(a);
41(b);
41(c);
42;
42(a);
42(b);
42(c);
43;
44;
44(a);
44(b);
44(c);
44(c)(i);
44(c)(ii);
44(d);
44(e);
45;
45(a);
45(b);
45(b)(i);
45(b)(ii);
45(b)(iii);
45(c);
45(c)(i);
45(c)(ii);
45(c)(iii);
45(d);
45(e);
46;
47;
48;
48(a);
48(b);
49;
50;
50(a);
50(a)(i);
50(a)(ii);
50(b);
50(b)(i);
50(b)(ii);
51;
51(a);
51(b);
51(c);
52;
53;
53(a);
53(b);
54;
54(a);
54(b);
55;
55(a);
55(a)(i);
55(a)(ii);
55(a)(iii);
55(b);
55(b)(i);
55(b)(ii);
55(b)(iii);
55(b)(iv);
55(b)v;
55(b)vi;
56;
57;
57(a);
57(b);
58;
59;
59(a);
59(b);
60;
61;
62;
62(a);
62(a)(i);
62(a)(ii);
62(b);
63;
64;
65;
65(a);
65(b);
65(c);
65(d);
65A;
66;
66(a);
66(b);
66(ba);
66(c);
66(c)(i);
66(c)(ii);
66(d);
66(e);
66A;
66B;
67;
68;
69;
69(a);
69(b);
70;
70(a);
70(b);
70A;
71;
71(a);
71(b);
71(c);
72;
72(a);
72(a)(i);
72(a)(ii);
72(a)(iii);
72(a)(iv);
72(b);
72(c);
73;
74;
74(a);
74(b);
75;
76;
76(a);
76(b);
76(c);
77;
77(a);
77(a)(i);
77(a)(ii);
77(a)(iii);
77(b);
78;
78(a);
78(b);
78(c);
78(d);
79;
80;
80(a);
80(b);
81;
82;
83;
84;
85;
86;
86(a);
86(b);
86(c);
86(d);
87;
87(a);
87(b);
87(c);
88;
88(a);
88(b);
89;
89(a);
89(b);
90;
91;
91(a);
91(b);
92;
93;
93(a);
93(b);
93(c);
94;
95;
96;
96(a);
96(b);
96(c);
97;
97(a);
97(b);
97(c);
98;
99;
99(a);
99(b);
100;
100(a);
100(b);
100(c);
100(c)(i);
100(c)(ii);
101;
101(a);
101(b);
101(c);
102;
103;
103(a);
103(b);
103(b)(i);
103(b)(ii);
103(b)(iii);
103(b)(iv);
103(c);
104;
104(a);
104(a)(i);
104(a)(ii);
104(a)(iii);
104(b);
104(b)(i);
104(b)(ii);
104(b)(iii);
104(c);
105;
105(a);
105(a)(i);
105(a)(ii);
105(a)(iii);
105(b);
105(c);
105(d);
105A;
105B;
105C;
106;
106(a);
106(a)(i);
106(a)(ii);
106(a)(iii);
106(a)(iv);
106(b);
107;
107(a);
107(b);
107(c);
107(d);
108;
108(a);
108(b);
109;
110;
111;
112;
113;
113(a);
113(b);
113(c);
114;
114(a);
114(b);
114(c);
115;
116;
117;
117(a);
117(b);
117(c);
117(c)(i);
117(c)(ii);
117(c)(iii);
117(c)(iv);
117(c)(v);
118;
119;
120;
121;
122;
123;
124;
124(a);
124(b);
124(c);
125;
125(a);
125(b);
126;
127;
128;
128(a);
128(a)(i);
128(a)(ii);
128(b);
128(c);
129;
129(a);
129(b);
130;
131;
131(a);
131(b);
132;
132(a);
132(b);
132(b)(i);
132(b)(ii);
132(c);
B1;
B1(a);
B1(b);
B1(ba);
B1(c);
B1(d);
B1(e);
B1(f) ;
B2;
B2(a);
B2(b);
B2(c);
B2(d);
B2(e);
B2(f) ;
B3;
B3(a);
B3(b);
B3(c);
B4;
B5;
B6;
B7;
B8;
B9;
B10;
B11;
B12;
B13;
B14;
B15;
B16;
B17;
B18;
B19;
B20;
B21;
B21(a);
B21(b);
B21(c);
B21(d);
B22;
B23;
B24;
B25;
B26;
B26(a);
B26(b);
B26(c);
B26(d);
B26(e);
B26(f);
B26(g);
B26(h);
B26(i) ;
B26(j) ;
B26(k);
B27;
B27(a);
B27(b);
B27(c);
B27(d);
B27(e);
B27(f) ;
B27(g);
B27(h);
B28;
B29;
B30;
B30(a);
B30(b);
B31;
B31(a);
B31(b);
B32;
B32(a);
B32(b);
B33;
B34;
B35;
B35(a);
B35(b);
B35A;
B35A(a);
B35A(b);
B35B;
B35B(a);
B35B(b);
B35B(b)(i);
B35B(b)(ii);
B35C;
B36;
B36(a);
B36(b);
B36(c);
B36(d);
B37;
B38;
B39;
B40;
B41;
B41(a);
B41(b);
B41(c);
B41(c)(i);
B41(c)(ii);
B41(c)(iii);
B41(d);
B42;
B42(a);
B42(b);
B43;
B44;
B45;
B46;
B47;
B48;
B49;
B50;
B50(a);
B50(b);
B51;
B52;
B53;
B54;
B54(a);
B54(b);
B55;
B56;
B56(a);
B56(b);
B56(c);
B56(d);
B57;
B58;
B59;
B60;
B61;
B62;
B62(a);
B62(b);
B63;
B64;
B65;
B65(a);
B65(b);
B65(c);
B65(d);
B65(e);
B65(f);
B65(g);
B65(h);
B65(i) ;
B65(j) ;
B65(k);
B65(l) ;
B65(la) ;
B65(m);
B66;
B66(a);
B66(b);
B66(c);
B66(d);
B66(e);
B66(f) ;
B66(g);
B66(h);
B67;
B67(a);
B67(b);
B67(b)(i);
B67(b)(ii);
B68;
B68(a);
B68(b);
B69;
B70;
B71;
B72;
B72(a);
B72(b);
B72(c);
B72(d);
B72(e);
B72(e)(i);
B72(e)(ii);
B72(e)(iii);
B73;
B74;
B74(a);
B74(b);
B74(b)(i);
B74(b)(ii);
B74(c);
B74(d);
B75;
B76;
B77;
B78;
B78(a);
B78(b);
B78(c);
B79;
B80;
B81;
B82;
B82(a);
B82(b);
B82(c);
B82(c)(i);
B82(c)(ii);
B83;
B83(a);
B83(b);
B84;
B85;
B86;
B87;
B87(a);
B87(b);
B88;
B88(a);
B88(b);
B89;
B90;
B91;
B91(a);
B91(b);
B91(c);
B91(d);
B91(e);
B92;
B93;
B94;
B95;
B95A;
B95B;
B95B(a);
B95B(b);
B95C;
B96;
B96(a);
B96(b);
B96(c);
B96(d);
B97;
B97(a);
B97(b);
B97(c);
B98;
B99;
B100;
B101;
B101(a);
B101(b);
B101(c);
B102;
B103;
B104;
B104(a);
B104(b);
B104(b)(i);
B104(b)(ii);
B105;
B106;
B106(a);
B106(b);
B107;
B107(a);
B107(b);
B107(b)(i);
B107(b)(ii);
B108;
B108(a);
B108(b);
B109;
B110;
B111;
B112;
B113;
B113(a);
B113(b);
B114;
B115;
B116;
B116(a);
B116(b);
B116(c);
B117;
B118;
B118(a);
B118(b);
B119;
B119(a);
B119(b);
B119(c);
B119A;
B119B;
B119B(a);
B119B(b);
B119B(c);
B119C;
B119D;
B119D(a);
B119D(b);
B119E;
B119F;
B119F(a);
B119F(b);
B120;
B120(a);
B120(b);
B121;
B121(a);
B121(a)(i);
B121(a)(ii);
B121(a)(iii);
B121(b);
B122;
B123;
B123(a);
B123(a)(i);
B123(a)(ii);
B123(a)(iia);
B123(a)(iii);
B123(a)(iv);
B123(a)v;
B123(a)vi;
B123(b);
B124;
B124(a);
B124(a)(i);
B124(a)(ii);
B124(a)(iii);
B124(a)(iv);
B124(a)(v);
B124(b);
B124(b)(i);
B124(b)(ii);
B124(b)(iii);
B124(c);
B124(d);
B125;
B126;
B126(a);
B126(b);
B127;
B128;
B128(a);
B128(b);
B128(c);
B129;
B130;
B130(a);
B130(b);
B131;
B132;
B132(a);
B132(a)(i);
B132(a)(ii);
B132(b);
B132(c);
B132(c)(i);
B132(c)(ii);
B133;
B134;
B135;
B135(a);
B135(a)(i);
B135(a)(ii);
B135(b);
B136;
B137;
C1;
C2;
C2(a);
C2(b);
C3;
C3(a);
C3(b);
C4;
C4(a);
C4(b);
C4(c);
C5;
C5(a);
C5(b);
C5A;
C5A(a);
C5A(b);
C6;
C6(a);
C6(b);
C7;
C7(a);
C7(b);
C7(c);
C7(d);
C8;
C9;
C9(a);
C9(b);
C9(c);
C9A;
C10;
C11;
C12;
C13;
C13(a);
C13(b);
C14;
C15;
C15(a);
C15(b);
C15A;
C15A(a);
C15A(b);
C16;
C17;
C17(a);
C17(b);
C17(c);
C17(c)(i);
C17(c)(ii);
C17(c)(iii);
C17(d);
C17(e);
C18;
C18(a);
C18(b);
C18(b)(i);
C18(b)(ii);
C19;
C19(a);
C19(b);
C19(b)(i);
C19(b)(ii);
C19(b)(iii);
C19(b)(iv);
C20;
C20A;
C20A(a);
C20A(b);
C21;
C21(a);
C21(b);
C21(c);
C22;
C22(a);
C22(b);
C22A;
C23;
C24;
C24(a);
C24(b);
C24(c);
C25;
C26;
C27;
C28;
C29;
C29(a);
C29(b);
C29(c);
C29(d);
C29(e);
C30;
C31;
C31(a);
C31(b);
C32;
C32(a);
C32(b);
C32(b)(i);
C32(b)(ii);
C32(c);
C33;
C33(a);
C33(b);
C33(c);
C34;
;
;
;
;
;
;
;
;
;
;
;
;
;
;
;
;
;
;
;
;
;
;
;
;
;
;
;
;
;
;
;
;
;
;
;
;
;
;
;
;
;
;
;
;
;
;
;
;
;
;
;
;
;
;
;
;
;
;
;
;
;
;
;
;
;
;
;
;
;
;
;
;
;
;
;
;
;
;
;
;
;
;
;
;
;
;
;
;
;
;
;
;
;
;
;
;
;
;
;
;
;
;
;
;
;
;
;
;
;
;
;
;
;
;
;
;
;
;
;
;
;
;
;
;
;
;
;
;
;
;
;
;
;
;
;
;
;
;
;
;
;
;
;
;
;
;
;
;
;
;
;
;
;
;
;
;
;
;
;
;
;
;
;
;
;
;
;
;
;
;
;
;
;
;
;
;
;
;
;
;
;
;
;
;
;
;
;
;
;
;
;
;
;
;
;
;
;
;
;
;
;
;
;
;
;
;
;
;
;
;
;
;
;
;
;
;
;
;
;
;
;
;
;
;
;
;
;
;
;
;
;
;
;
;
;
;
;
;
;
;
;
;
;
;
;
;
;
;
;
;
;
;
;
;
;
;
;
;
;
;
;
;
;
;
;
;
;
;
;
;
;
;
;
;
;
;
;
;
;
;
;
;
;
;
;
;
;
;
;
;
;
;
;
;
;
;
;
;
;
;
;
;
;
;
;
;
;
;
;
;
;
;
;
;
;
;
;
;
;
;
;
;
;
;
;
;
;
;
;
;
;
;
;
;
;
;
;
;
;
;
;
;
;
;
;
;
;
;
;
;
;
;
;
;
;
;
;
;
;
;
;
;
;
;
;
;
;
;
;
;
;
;
;
;
;
;
;
;
;
;
;
;
;
;
;
;
;
;
;
;
;
;
;
;
;
;
;
;
;
;
;
;
;
;
;
;
;
;
;
;
;
;
;
;
;
;
;
;
;
;
;
;
;
;
;
;
;
;
;
;
;
;
;
;
;
;
;
;
;
;
;
;
;
;
;
;
;
;
;
;
;
;
;
;
;
;
;
;
;
;
;
;
;
;
;
;
;
;
;
;
;
;
;
;
;
;
;
;
;
;
;
;
;
;
;
;
;
;
;
;
;
;
;
;
;
;
;
;
;
;
;
;
;
;
;
;
;
;
;
;
;
;
;
;
;
;
;
;
;
;
;
;
;
;
;
;
;
;
;
;
;
;
;
;
;
;
;
;
;
;
;
;
;
;
;
;
;
;
;
;
;
;
;
;
;
;
;
;
;
;
;
;
;
;
;
;
;
;
;
;
;
;
;
;
;
;
;
;
;
;
;
;
;
;
;
;
;
;
;
;
;
;
;
;
;
;
;
;
;
;
