source;target;Hierarchy
4(a)(ii);60;paragraphs
4(a)(ii);61;paragraphs
4(a)(ii);62;paragraphs
4(a)(ii);63;paragraphs
4(a)(ii);64;paragraphs
4(a)(ii);65;paragraphs
4(a)(ii);65A;paragraphs
4(a)(ii);66;paragraphs
4(a)(ii);66A;paragraphs
4(a)(ii);66B;paragraphs
4(a)(ii);67;paragraphs
4(a)(ii);68;paragraphs
4(a)(ii);69;paragraphs
4(a)(ii);70;paragraphs
4(a)(ii);70A;paragraphs
6;B2;paragraphs
6;B3;paragraphs
6;B4;paragraphs
6;B5;paragraphs
6;B6;paragraphs
6;B7;paragraphs
6;B8;paragraphs
6;B9;paragraphs
6;B10;paragraphs
6;B11;paragraphs
6;B12;paragraphs
6;B13;paragraphs
6;B14;paragraphs
6;B15;paragraphs
6;B16;paragraphs
6;B17;paragraphs
6;B18;paragraphs
6;B19;paragraphs
6;B20;paragraphs
6;B21;paragraphs
6;B22;paragraphs
6;B23;paragraphs
6;B24;paragraphs
6;B25;paragraphs
6;B26;paragraphs
6;B27;paragraphs
6;B28;paragraphs
6;B29;paragraphs
6;B30;paragraphs
10;11;paragraphs
10;12;paragraphs
10;13;paragraphs
11(b);B31;paragraphs
11(b);B32;paragraphs
12;B33;paragraphs
12;B34;paragraphs
12;B35;paragraphs
13;11;paragraphs
13;12;paragraphs
18;53;paragraphs
18;54;paragraphs
18;55;paragraphs
18;56;paragraphs
18;57;paragraphs
18;58;paragraphs
18;59;paragraphs
20;14;paragraphs
20;15;paragraphs
20;16;paragraphs
20;17;paragraphs
20;18;paragraphs
20;19;paragraphs
22;16;paragraphs
22;17;paragraphs
22;18;paragraphs
22;19;paragraphs
22;20;paragraphs
22;21;paragraphs
23;14;paragraphs
23;15;paragraphs
23;16;paragraphs
23;17;paragraphs
23;18;paragraphs
23;19;paragraphs
23;20;paragraphs
23;21;paragraphs
23;22;paragraphs
24;14;paragraphs
24;15;paragraphs
24;16;paragraphs
24;17;paragraphs
24;18;paragraphs
24;19;paragraphs
24;20;paragraphs
24;21;paragraphs
24;22;paragraphs
24;23;paragraphs
24;32(a);paragraphs
24;40(a)(i);paragraphs
24;40(b);paragraphs
26;25(a);paragraphs
26;25(b);paragraphs
29;30;paragraphs
29;31;paragraphs
29;32;paragraphs
29;33;paragraphs
29;34;paragraphs
29;35;paragraphs
29;36;paragraphs
29;37;paragraphs
29;38;paragraphs
29;39;paragraphs
29;40;paragraphs
29;41;paragraphs
29;42;paragraphs
29;43;paragraphs
29;44;paragraphs
29;45;paragraphs
29;46;paragraphs
29;47;paragraphs
29;48;paragraphs
29;49;paragraphs
29;50;paragraphs
29;51;paragraphs
29;52;paragraphs
29(a);55;paragraphs
29(a);56;paragraphs
29(a);57;paragraphs
29(a);58;paragraphs
29(a);59;paragraphs
29(b);32;paragraphs
29(b);33;paragraphs
29(b);34;paragraphs
29(b);35;paragraphs
29(b);36;paragraphs
29(b);37;paragraphs
29(b);38;paragraphs
29(b);39;paragraphs
29(b);40;paragraphs
29(b);41;paragraphs
29(b);42;paragraphs
29(b);43;paragraphs
29(b);44;paragraphs
29(b);45;paragraphs
29(b);46;paragraphs
29(b);63;paragraphs
29(b);64;paragraphs
29(b);65;paragraphs
29(b);65A;paragraphs
29(b);66;paragraphs
29(b);66A;paragraphs
29(b);66B;paragraphs
29(b);67;paragraphs
29(b);68;paragraphs
29(b);69;paragraphs
29(b);70;paragraphs
29(b);70A;paragraphs
29(c);32;paragraphs
29(c);33;paragraphs
29(c);34;paragraphs
29(c);35;paragraphs
29(c);36;paragraphs
29(c);37;paragraphs
29(c);38;paragraphs
29(c);39;paragraphs
29(c);40;paragraphs
29(c);41;paragraphs
29(c);42;paragraphs
29(c);43;paragraphs
29(c);44;paragraphs
29(c);45;paragraphs
29(c);46;paragraphs
29(c);47;paragraphs
29(c);48;paragraphs
29(c);49;paragraphs
29(c);50;paragraphs
29(c);51;paragraphs
29(c);52;paragraphs
32(a)(i);33;paragraphs
32(a)(i);34;paragraphs
32(a)(i);35;paragraphs
32(b);38;paragraphs
32(b);39;paragraphs
33(a);B37;paragraphs
33(a);B38;paragraphs
33(a);B39;paragraphs
33(a);B40;paragraphs
33(a);B41;paragraphs
33(b);B42;paragraphs
33(b);B43;paragraphs
33(b);B44;paragraphs
33(b);B45;paragraphs
33(b);B46;paragraphs
33(b);B47;paragraphs
33(b);B48;paragraphs
33(b);B49;paragraphs
33(b);B50;paragraphs
33(b);B51;paragraphs
33(b);B52;paragraphs
33(b);B53;paragraphs
33(c);B54;paragraphs
33(c);B55;paragraphs
33(c);B56;paragraphs
33(c);B57;paragraphs
33(c);B58;paragraphs
33(c);B59;paragraphs
33(c);B60;paragraphs
34;B61;paragraphs
34;B62;paragraphs
34;B63;paragraphs
34;B64;paragraphs
34;B65;paragraphs
34;B66;paragraphs
34;B67;paragraphs
34;B68;paragraphs
34;B69;paragraphs
34;B70;paragraphs
34;B71;paragraphs
38(a);32;paragraphs
38(a);33;paragraphs
38(a);34;paragraphs
38(a);35;paragraphs
38(a);36;paragraphs
38(a);37;paragraphs
39;B93;paragraphs
39;B94;paragraphs
39;B95;paragraphs
40(a)(i);33;paragraphs
40(a)(i);34;paragraphs
40(a)(i);35;paragraphs
40(a)(i);36;paragraphs
40(a)(i);37;paragraphs
40(a)(i);B36;paragraphs
40(a)(i);B37;paragraphs
40(a)(i);B38;paragraphs
40(a)(i);B39;paragraphs
40(a)(i);B40;paragraphs
40(a)(i);B41;paragraphs
40(a)(i);B42;paragraphs
40(a)(i);B43;paragraphs
40(a)(i);B44;paragraphs
40(a)(i);B45;paragraphs
40(a)(i);B46;paragraphs
40(a)(i);B47;paragraphs
40(a)(i);B48;paragraphs
40(a)(i);B49;paragraphs
40(a)(i);B50;paragraphs
40(a)(i);B51;paragraphs
40(a)(i);B52;paragraphs
40(a)(i);B53;paragraphs
40(a)(i);B54;paragraphs
40(a)(i);B55;paragraphs
40(a)(i);B56;paragraphs
40(a)(i);B57;paragraphs
40(a)(i);B58;paragraphs
40(a)(i);B59;paragraphs
40(a)(i);B60;paragraphs
40(a)(i);B61;paragraphs
40(a)(i);B62;paragraphs
40(a)(i);B63;paragraphs
40(a)(i);B64;paragraphs
40(a)(i);B65;paragraphs
40(a)(i);B66;paragraphs
40(a)(i);B67;paragraphs
40(a)(i);B68;paragraphs
40(a)(i);B69;paragraphs
40(a)(i);B70;paragraphs
40(a)(i);B71;paragraphs
40(a)(i);B72;paragraphs
40(a)(i);B73;paragraphs
40(a)(i);B74;paragraphs
40(a)(i);B75;paragraphs
40(a)(i);B76;paragraphs
40(a)(i);B77;paragraphs
40(a)(i);B78;paragraphs
40(a)(i);B79;paragraphs
40(a)(i);B80;paragraphs
40(a)(i);B81;paragraphs
40(a)(i);B82;paragraphs
40(a)(i);B83;paragraphs
40(a)(i);B84;paragraphs
40(a)(i);B85;paragraphs
40(a)(i);B86;paragraphs
40(a)(i);B87;paragraphs
40(a)(i);B88;paragraphs
40(a)(i);B89;paragraphs
40(a)(i);B90;paragraphs
40(a)(i);B91;paragraphs
40(a)(i);B92;paragraphs
40(a)(ii);43;paragraphs
40(a)(ii);44;paragraphs
40(a)(ii);45;paragraphs
40(a)(ii);46;paragraphs
40(b);33;paragraphs
40(b);34;paragraphs
40(b);35;paragraphs
40(b);36;paragraphs
40(b);37;paragraphs
40(b);B36;paragraphs
40(b);B37;paragraphs
40(b);B38;paragraphs
40(b);B39;paragraphs
40(b);B40;paragraphs
40(b);B41;paragraphs
40(b);B42;paragraphs
40(b);B43;paragraphs
40(b);B44;paragraphs
40(b);B45;paragraphs
40(b);B46;paragraphs
40(b);B47;paragraphs
40(b);B48;paragraphs
40(b);B49;paragraphs
40(b);B50;paragraphs
40(b);B51;paragraphs
40(b);B52;paragraphs
40(b);B53;paragraphs
40(b);B54;paragraphs
40(b);B55;paragraphs
40(b);B56;paragraphs
40(b);B57;paragraphs
40(b);B58;paragraphs
40(b);B59;paragraphs
40(b);B60;paragraphs
40(b);B61;paragraphs
40(b);B62;paragraphs
40(b);B63;paragraphs
40(b);B64;paragraphs
40(b);B65;paragraphs
40(b);B66;paragraphs
40(b);B67;paragraphs
40(b);B68;paragraphs
40(b);B69;paragraphs
40(b);B70;paragraphs
40(b);B71;paragraphs
40(b);B72;paragraphs
40(b);B73;paragraphs
40(b);B74;paragraphs
40(b);B75;paragraphs
40(b);B76;paragraphs
40(b);B77;paragraphs
40(b);B78;paragraphs
40(b);B79;paragraphs
40(b);B80;paragraphs
40(b);B81;paragraphs
40(b);B82;paragraphs
40(b);B83;paragraphs
40(b);B84;paragraphs
40(b);B85;paragraphs
40(b);B86;paragraphs
40(b);B87;paragraphs
40(b);B88;paragraphs
40(b);B89;paragraphs
40(b);B90;paragraphs
40(b);B91;paragraphs
40(b);B92;paragraphs
41(a);B120;paragraphs
41(a);B121;paragraphs
41(a);B122;paragraphs
41(a);B123;paragraphs
41(a);B124;paragraphs
41(b);47;paragraphs
41(b);48;paragraphs
41(b);49;paragraphs
41(b);50;paragraphs
41(b);51;paragraphs
41(b);52;paragraphs
44(c);B96;paragraphs
44(c);B97;paragraphs
44(c);B98;paragraphs
44(c);B99;paragraphs
44(c);B100;paragraphs
45;B101;paragraphs
45;B102;paragraphs
45;B103;paragraphs
45;B104;paragraphs
45;B105;paragraphs
45;B106;paragraphs
45;B107;paragraphs
45;B108;paragraphs
45;B109;paragraphs
45;B110;paragraphs
45;B111;paragraphs
45;B112;paragraphs
45;B113;paragraphs
45;B114;paragraphs
45;B115;paragraphs
45;B116;paragraphs
45;B117;paragraphs
45;B118;paragraphs
45(c);B101;paragraphs
45(c);B102;paragraphs
45(c);B103;paragraphs
45(c);B104;paragraphs
45(c);B105;paragraphs
45(c);B106;paragraphs
45(c);B107;paragraphs
45(c);B108;paragraphs
45(c);B109;paragraphs
45(c);B110;paragraphs
45(c);B111;paragraphs
45(c);B112;paragraphs
45(c);B113;paragraphs
45(c);B114;paragraphs
45(c);B115;paragraphs
45(c);B116;paragraphs
45(c);B117;paragraphs
45(c);B118;paragraphs
48(b);44(c)(i);paragraphs
48(b);45(b)(ii);paragraphs
48(b);45(c)(ii);paragraphs
49;47;paragraphs
49;48;paragraphs
50(b)(ii);44(c)(ii);paragraphs
50(b)(ii);45(b)(iii);paragraphs
50(b)(ii);45(c)(iii);paragraphs
52;48;paragraphs
52;49;paragraphs
52;50;paragraphs
53;55;paragraphs
53;56;paragraphs
53;57;paragraphs
53;58;paragraphs
53;59;paragraphs
53(a);32;paragraphs
53(a);33;paragraphs
53(a);34;paragraphs
53(a);35;paragraphs
53(a);36;paragraphs
53(a);37;paragraphs
53(a);38;paragraphs
53(a);39;paragraphs
53(a);40;paragraphs
53(a);41;paragraphs
53(a);42;paragraphs
53(a);43;paragraphs
53(a);44;paragraphs
53(a);45;paragraphs
53(a);46;paragraphs
53(a);47;paragraphs
53(a);48;paragraphs
53(a);49;paragraphs
53(a);50;paragraphs
53(a);51;paragraphs
53(a);52;paragraphs
57(b);33;paragraphs
57(b);34;paragraphs
57(b);35;paragraphs
57(b);36;paragraphs
57(b);37;paragraphs
57(b);B36;paragraphs
57(b);B37;paragraphs
57(b);B38;paragraphs
57(b);B39;paragraphs
57(b);B40;paragraphs
57(b);B41;paragraphs
57(b);B42;paragraphs
57(b);B43;paragraphs
57(b);B44;paragraphs
57(b);B45;paragraphs
57(b);B46;paragraphs
57(b);B47;paragraphs
57(b);B48;paragraphs
57(b);B49;paragraphs
57(b);B50;paragraphs
57(b);B51;paragraphs
57(b);B52;paragraphs
57(b);B53;paragraphs
57(b);B54;paragraphs
57(b);B55;paragraphs
57(b);B56;paragraphs
57(b);B57;paragraphs
57(b);B58;paragraphs
57(b);B59;paragraphs
57(b);B60;paragraphs
57(b);B61;paragraphs
57(b);B62;paragraphs
57(b);B63;paragraphs
57(b);B64;paragraphs
57(b);B65;paragraphs
57(b);B66;paragraphs
57(b);B67;paragraphs
57(b);B68;paragraphs
57(b);B69;paragraphs
57(b);B70;paragraphs
57(b);B71;paragraphs
57(b);B72;paragraphs
57(b);B73;paragraphs
57(b);B74;paragraphs
57(b);B75;paragraphs
57(b);B76;paragraphs
57(b);B77;paragraphs
57(b);B78;paragraphs
57(b);B79;paragraphs
57(b);B80;paragraphs
57(b);B81;paragraphs
57(b);B82;paragraphs
57(b);B83;paragraphs
57(b);B84;paragraphs
57(b);B85;paragraphs
57(b);B86;paragraphs
57(b);B87;paragraphs
57(b);B88;paragraphs
57(b);B89;paragraphs
57(b);B90;paragraphs
57(b);B91;paragraphs
57(b);B92;paragraphs
59(b);33;paragraphs
59(b);34;paragraphs
59(b);35;paragraphs
59(b);36;paragraphs
59(b);37;paragraphs
59(b);B36;paragraphs
59(b);B37;paragraphs
59(b);B38;paragraphs
59(b);B39;paragraphs
59(b);B40;paragraphs
59(b);B41;paragraphs
59(b);B42;paragraphs
59(b);B43;paragraphs
59(b);B44;paragraphs
59(b);B45;paragraphs
59(b);B46;paragraphs
59(b);B47;paragraphs
59(b);B48;paragraphs
59(b);B49;paragraphs
59(b);B50;paragraphs
59(b);B51;paragraphs
59(b);B52;paragraphs
59(b);B53;paragraphs
59(b);B54;paragraphs
59(b);B55;paragraphs
59(b);B56;paragraphs
59(b);B57;paragraphs
59(b);B58;paragraphs
59(b);B59;paragraphs
59(b);B60;paragraphs
59(b);B61;paragraphs
59(b);B62;paragraphs
59(b);B63;paragraphs
59(b);B64;paragraphs
59(b);B65;paragraphs
59(b);B66;paragraphs
59(b);B67;paragraphs
59(b);B68;paragraphs
59(b);B69;paragraphs
59(b);B70;paragraphs
59(b);B71;paragraphs
59(b);B72;paragraphs
59(b);B73;paragraphs
59(b);B74;paragraphs
59(b);B75;paragraphs
59(b);B76;paragraphs
59(b);B77;paragraphs
59(b);B78;paragraphs
59(b);B79;paragraphs
59(b);B80;paragraphs
59(b);B81;paragraphs
59(b);B82;paragraphs
59(b);B83;paragraphs
59(b);B84;paragraphs
59(b);B85;paragraphs
59(b);B86;paragraphs
59(b);B87;paragraphs
59(b);B88;paragraphs
59(b);B89;paragraphs
59(b);B90;paragraphs
59(b);B91;paragraphs
59(b);B92;paragraphs
60;61;paragraphs
60;62;paragraphs
60;63;paragraphs
60;64;paragraphs
60;65;paragraphs
60;65A;paragraphs
60;66;paragraphs
60;66A;paragraphs
60;66B;paragraphs
60;67;paragraphs
60;68;paragraphs
60;69;paragraphs
60;70;paragraphs
60;70A;paragraphs
61;14;paragraphs
61;15;paragraphs
61;16;paragraphs
61;17;paragraphs
61;18;paragraphs
61;19;paragraphs
61;20;paragraphs
61;21;paragraphs
61;22;paragraphs
61;23;paragraphs
61;24;paragraphs
61;14;paragraphs
61;15;paragraphs
61;16;paragraphs
61;17;paragraphs
61;18;paragraphs
61;19;paragraphs
61;20;paragraphs
61;21;paragraphs
61;22;paragraphs
61;23;paragraphs
61;24;paragraphs
63;32;paragraphs
63;33;paragraphs
63;34;paragraphs
63;35;paragraphs
63;36;paragraphs
66B;B119E;paragraphs
66B;B119F;paragraphs
68;47;paragraphs
68;48;paragraphs
68;49;paragraphs
68;50;paragraphs
68;51;paragraphs
68;52;paragraphs
69;55;paragraphs
69;56;paragraphs
69;59;paragraphs
69(a);63;paragraphs
69(a);64;paragraphs
69(a);65;paragraphs
69(a);65A;paragraphs
69(a);66;paragraphs
69(a);66A;paragraphs
69(a);66B;paragraphs
69(a);67;paragraphs
69(a);68;paragraphs
71(c);44(e);paragraphs
71(c);45(e);paragraphs
72(a)(i);3;paragraphs
72(a)(i);4;paragraphs
72(a)(i);5;paragraphs
72(a)(i);6;paragraphs
72(a)(i);7;paragraphs
72(a)(i);8;paragraphs
72(a)(ii);10;paragraphs
72(a)(ii);11;paragraphs
72(a)(ii);12;paragraphs
72(a)(ii);13;paragraphs
72(a)(iv);14;paragraphs
72(a)(iv);15;paragraphs
72(a)(iv);16;paragraphs
72(a)(iv);17;paragraphs
72(a)(iv);18;paragraphs
72(a)(iv);19;paragraphs
72(a)(iv);20;paragraphs
72(a)(iv);21;paragraphs
72(a)(iv);22;paragraphs
72(a)(iv);23;paragraphs
72(a)(iv);24;paragraphs
72(c);53;paragraphs
72(c);54;paragraphs
72(c);55;paragraphs
72(c);56;paragraphs
72(c);57;paragraphs
72(c);58;paragraphs
72(c);59;paragraphs
72(c);69;paragraphs
72(c);70;paragraphs
73;40;paragraphs
73;41;paragraphs
73;42;paragraphs
73;43;paragraphs
73;44;paragraphs
73;45;paragraphs
73;46;paragraphs
73;47;paragraphs
73;48;paragraphs
73;49;paragraphs
73;50;paragraphs
73;51;paragraphs
73;52;paragraphs
76(a);40(a)(i);paragraphs
76(a);40(b);paragraphs
76(b);44(c);paragraphs
76(b);45(c);paragraphs
77(a);44(c);paragraphs
77(a);45(c);paragraphs
80;41;paragraphs
80;42;paragraphs
80(a);83;paragraphs
80(a);84;paragraphs
80(a);85;paragraphs
80(a);86;paragraphs
80(b);87;paragraphs
80(b);88;paragraphs
80(b);89;paragraphs
80(b);90;paragraphs
80(b);91;paragraphs
80(b);92;paragraphs
86(d);B119E;paragraphs
86(d);B119F;paragraphs
87(c);45(b)(ii);paragraphs
87(c);45(b)(iii);paragraphs
87(c);45(c)(ii);paragraphs
87(c);45(c)(iii);paragraphs
88(b);B130;paragraphs
88(b);B131;paragraphs
88(b);B132;paragraphs
88(b);B133;paragraphs
89(b);B134;paragraphs
89(b);B135;paragraphs
89(b);B136;paragraphs
93(a);97;paragraphs
93(a);98;paragraphs
93(a);99;paragraphs
93(a);100;paragraphs
93(a);101;paragraphs
93(a);102;paragraphs
93(a);103;paragraphs
93(a);104;paragraphs
93(a);105;paragraphs
93(a);105A;paragraphs
93(a);105B;paragraphs
93(a);105C;paragraphs
93(a);106;paragraphs
93(a);107;paragraphs
93(a);108;paragraphs
93(a);109;paragraphs
93(a);110;paragraphs
93(a);111;paragraphs
93(a);112;paragraphs
93(a);113;paragraphs
93(a);114;paragraphs
93(a);115;paragraphs
93(a);116;paragraphs
93(b);117;paragraphs
93(b);118;paragraphs
93(b);119;paragraphs
93(b);120;paragraphs
93(c);121;paragraphs
93(c);122;paragraphs
93(c);123;paragraphs
93(c);124;paragraphs
93(c);125;paragraphs
93(c);126;paragraphs
93(c);127;paragraphs
93(c);128;paragraphs
93(c);129;paragraphs
93(c);130;paragraphs
93(c);131;paragraphs
93(c);132;paragraphs
94;97;paragraphs
94;98;paragraphs
94;99;paragraphs
94;100;paragraphs
94;101;paragraphs
94;102;paragraphs
94;103;paragraphs
94;104;paragraphs
94;105;paragraphs
94;105A;paragraphs
94;105B;paragraphs
94;105C;paragraphs
94;106;paragraphs
94;107;paragraphs
94;108;paragraphs
94;109;paragraphs
94;110;paragraphs
94;111;paragraphs
94;112;paragraphs
94;113;paragraphs
94;114;paragraphs
94;115;paragraphs
94;116;paragraphs
94;117;paragraphs
94;118;paragraphs
94;119;paragraphs
94;120;paragraphs
94;121;paragraphs
94;122;paragraphs
94;123;paragraphs
94;124;paragraphs
94;125;paragraphs
94;126;paragraphs
94;127;paragraphs
94;128;paragraphs
94;129;paragraphs
94;130;paragraphs
94;131;paragraphs
94;132;paragraphs
97;98;paragraphs
97;99;paragraphs
97;100;paragraphs
97;101;paragraphs
97;102;paragraphs
97;103;paragraphs
97;104;paragraphs
97;105;paragraphs
97;105A;paragraphs
97;105B;paragraphs
97;105C;paragraphs
97;106;paragraphs
97;107;paragraphs
97;108;paragraphs
97;109;paragraphs
97;98;paragraphs
97;99;paragraphs
97;100;paragraphs
97;102;paragraphs
97;103;paragraphs
97(a);53;paragraphs
97(a);69;paragraphs
97(b);56;paragraphs
97(b);57(b);paragraphs
98;100;paragraphs
98;101;paragraphs
98;102;paragraphs
98;103;paragraphs
98;104;paragraphs
98;105;paragraphs
98;105A;paragraphs
98;105B;paragraphs
98;105C;paragraphs
98;106;paragraphs
98;107;paragraphs
98;108;paragraphs
98;109;paragraphs
100(b);47;paragraphs
100(b);48;paragraphs
100(b);49;paragraphs
100(b);50;paragraphs
100(b);51;paragraphs
100(b);52;paragraphs
100(b);57;paragraphs
100(b);58;paragraphs
100(c);53;paragraphs
100(c);54;paragraphs
100(c);55;paragraphs
100(c);56;paragraphs
100(c);57;paragraphs
100(c);58;paragraphs
100(c);59;paragraphs
101;53;paragraphs
101;54;paragraphs
101;55;paragraphs
101;56;paragraphs
101;57;paragraphs
101;58;paragraphs
101;59;paragraphs
102;100;paragraphs
102;101;paragraphs
104(a);B96;paragraphs
104(a);B97;paragraphs
104(a);B98;paragraphs
104(a);B99;paragraphs
104(a);B100;paragraphs
104(a);B101;paragraphs
104(a);B102;paragraphs
104(a);B103;paragraphs
104(a);B104;paragraphs
104(a);B105;paragraphs
104(a);B106;paragraphs
104(a);B107;paragraphs
104(a);B108;paragraphs
104(a);B109;paragraphs
104(a);B110;paragraphs
104(a);B111;paragraphs
104(a);B112;paragraphs
104(a);B113;paragraphs
104(a);B114;paragraphs
104(a);B115;paragraphs
104(a);B116;paragraphs
104(a);B117;paragraphs
104(a);B118;paragraphs
104(b)(iii);B96(a);paragraphs
104(b)(iii);B97(c);paragraphs
104(b)(iii);B113(a);paragraphs
104(c);B97(b);paragraphs
104(c);B113(a);paragraphs
105;100;paragraphs
105;101;paragraphs
105A;28B(b);paragraphs
106;53;paragraphs
106;54;paragraphs
106;55;paragraphs
106;56;paragraphs
106;57;paragraphs
106;58;paragraphs
106;59;paragraphs
107;53;paragraphs
107;54;paragraphs
107;55;paragraphs
107;56;paragraphs
107;57;paragraphs
107;58;paragraphs
107;59;paragraphs
107;69;paragraphs
107;70;paragraphs
109;53;paragraphs
109;54;paragraphs
109;55;paragraphs
109;56;paragraphs
109;57;paragraphs
109;58;paragraphs
109;59;paragraphs
114;C6;paragraphs
114;C7;paragraphs
114;C8;paragraphs
114;C9;paragraphs
114;C9A;paragraphs
114;C10;paragraphs
114;C11;paragraphs
114;C12;paragraphs
114;C13;paragraphs
114;C14;paragraphs
114;C15;paragraphs
114;C15A;paragraphs
114;C16;paragraphs
114;C17;paragraphs
114;C18;paragraphs
114;C19;paragraphs
114;C20;paragraphs
114;C20A;paragraphs
114;C21;paragraphs
114;C22;paragraphs
114;C22A;paragraphs
114;C23;paragraphs
114;C24;paragraphs
115;114(a);paragraphs
115;114(b);paragraphs
116;C18(b);paragraphs
116;C19(b);paragraphs
116;C24(b);paragraphs
116;C24(c);paragraphs
117(c)(iv);B119;paragraphs
117(c)(iv);B119A;paragraphs
117(c)(iv);B119B;paragraphs
125(b);127;paragraphs
125(b);128;paragraphs
125(b);129;paragraphs
125(b);130;paragraphs
125(b);131;paragraphs
125(b);132;paragraphs
132(b);55;paragraphs
132(b);56;paragraphs
132(b);57;paragraphs
132(b);58;paragraphs
132(b);59;paragraphs
B1(a);B2;paragraphs
B1(a);B3;paragraphs
B1(a);B4;paragraphs
B1(a);B5;paragraphs
B1(a);B6;paragraphs
B1(a);B7;paragraphs
B1(a);B8;paragraphs
B1(a);B9;paragraphs
B1(a);B10;paragraphs
B1(a);B11;paragraphs
B1(a);B12;paragraphs
B1(a);B13;paragraphs
B1(a);B14;paragraphs
B1(a);B15;paragraphs
B1(a);B16;paragraphs
B1(a);B17;paragraphs
B1(a);B18;paragraphs
B1(a);B19;paragraphs
B1(a);B20;paragraphs
B1(a);B21;paragraphs
B1(a);B22;paragraphs
B1(a);B23;paragraphs
B1(a);B24;paragraphs
B1(a);B25;paragraphs
B1(a);B26;paragraphs
B1(a);B27;paragraphs
B1(a);B28;paragraphs
B1(a);B29;paragraphs
B1(a);B30;paragraphs
B1(b);B31;paragraphs
B1(b);B32;paragraphs
B1(b);B33;paragraphs
B1(b);B34;paragraphs
B1(b);B35;paragraphs
B1(ba);B35A;paragraphs
B1(ba);B35B;paragraphs
B1(ba);B35C;paragraphs
B1(c);B36;paragraphs
B1(c);B37;paragraphs
B1(c);B38;paragraphs
B1(c);B39;paragraphs
B1(c);B40;paragraphs
B1(c);B41;paragraphs
B1(c);B42;paragraphs
B1(c);B43;paragraphs
B1(c);B44;paragraphs
B1(c);B45;paragraphs
B1(c);B46;paragraphs
B1(c);B47;paragraphs
B1(c);B48;paragraphs
B1(c);B49;paragraphs
B1(c);B50;paragraphs
B1(c);B51;paragraphs
B1(c);B52;paragraphs
B1(c);B53;paragraphs
B1(c);B54;paragraphs
B1(c);B55;paragraphs
B1(c);B56;paragraphs
B1(c);B57;paragraphs
B1(c);B58;paragraphs
B1(c);B59;paragraphs
B1(c);B60;paragraphs
B1(c);B61;paragraphs
B1(c);B62;paragraphs
B1(c);B63;paragraphs
B1(c);B64;paragraphs
B1(c);B65;paragraphs
B1(c);B66;paragraphs
B1(c);B67;paragraphs
B1(c);B68;paragraphs
B1(c);B69;paragraphs
B1(c);B70;paragraphs
B1(c);B71;paragraphs
B1(c);B72;paragraphs
B1(c);B73;paragraphs
B1(c);B74;paragraphs
B1(c);B75;paragraphs
B1(c);B76;paragraphs
B1(c);B77;paragraphs
B1(c);B78;paragraphs
B1(c);B79;paragraphs
B1(c);B80;paragraphs
B1(c);B81;paragraphs
B1(c);B82;paragraphs
B1(c);B83;paragraphs
B1(c);B84;paragraphs
B1(c);B85;paragraphs
B1(c);B86;paragraphs
B1(c);B87;paragraphs
B1(c);B88;paragraphs
B1(c);B89;paragraphs
B1(c);B90;paragraphs
B1(c);B91;paragraphs
B1(c);B92;paragraphs
B1(c);B93;paragraphs
B1(c);B94;paragraphs
B1(c);B95;paragraphs
B1(c);B95A;paragraphs
B1(c);B95B;paragraphs
B1(c);B95C;paragraphs
B1(c);B96;paragraphs
B1(c);B97;paragraphs
B1(c);B98;paragraphs
B1(c);B99;paragraphs
B1(c);B100;paragraphs
B1(c);B101;paragraphs
B1(c);B102;paragraphs
B1(c);B103;paragraphs
B1(c);B104;paragraphs
B1(c);B105;paragraphs
B1(c);B106;paragraphs
B1(c);B107;paragraphs
B1(c);B108;paragraphs
B1(c);B109;paragraphs
B1(c);B110;paragraphs
B1(c);B111;paragraphs
B1(c);B112;paragraphs
B1(c);B113;paragraphs
B1(c);B114;paragraphs
B1(c);B115;paragraphs
B1(c);B116;paragraphs
B1(c);B117;paragraphs
B1(c);B118;paragraphs
B1(c);B119;paragraphs
B1(d);B120;paragraphs
B1(d);B121;paragraphs
B1(d);B122;paragraphs
B1(d);B123;paragraphs
B1(d);B124;paragraphs
B1(d);B125;paragraphs
B1(d);B126;paragraphs
B1(d);B127;paragraphs
B1(e);B128;paragraphs
B1(e);B129;paragraphs
B1(e);B130;paragraphs
B1(e);B131;paragraphs
B1(e);B132;paragraphs
B1(e);B133;paragraphs
B1(e);B134;paragraphs
B1(e);B135;paragraphs
B1(e);B136;paragraphs
B2(a);B3;paragraphs
B2(a);B4;paragraphs
B2(a);B5;paragraphs
B2(c);B7;paragraphs
B2(c);B8;paragraphs
B2(c);B9;paragraphs
B2(c);B10;paragraphs
B2(c);B11;paragraphs
B2(c);B12;paragraphs
B2(c);B13;paragraphs
B2(c);B14;paragraphs
B2(c);B15;paragraphs
B2(c);B16;paragraphs
B2(d);B17;paragraphs
B2(d);B18;paragraphs
B2(d);B19;paragraphs
B2(d);B20;paragraphs
B2(d);B21;paragraphs
B2(d);B22;paragraphs
B2(d);B23;paragraphs
B2(e);B24;paragraphs
B2(e);B25;paragraphs
B2(f) ;B26;paragraphs
B2(f) ;B27;paragraphs
B2(f) ;B28;paragraphs
B2(f) ;B29;paragraphs
B2(f) ;B30;paragraphs
B23;B18;paragraphs
B23;B19;paragraphs
B23;B20;paragraphs
B23;B21;paragraphs
B23;B22;paragraphs
B25;74;paragraphs
B25;75;paragraphs
B25;76;paragraphs
B25;77;paragraphs
B36(a);B37;paragraphs
B36(a);B38;paragraphs
B36(a);B39;paragraphs
B36(a);B40;paragraphs
B36(a);B41;paragraphs
B36(b);B42;paragraphs
B36(b);B43;paragraphs
B36(b);B44;paragraphs
B36(b);B45;paragraphs
B36(b);B46;paragraphs
B36(b);B47;paragraphs
B36(b);B48;paragraphs
B36(b);B49;paragraphs
B36(b);B50;paragraphs
B36(b);B51;paragraphs
B36(b);B52;paragraphs
B36(b);B53;paragraphs
B36(c);B54;paragraphs
B36(c);B55;paragraphs
B36(c);B56;paragraphs
B36(c);B57;paragraphs
B36(c);B58;paragraphs
B36(c);B59;paragraphs
B36(c);B60;paragraphs
B36(d);B61;paragraphs
B36(d);B62;paragraphs
B36(d);B63;paragraphs
B36(d);B64;paragraphs
B36(d);B65;paragraphs
B36(d);B66;paragraphs
B36(d);B67;paragraphs
B36(d);B68;paragraphs
B36(d);B69;paragraphs
B36(d);B70;paragraphs
B36(d);B71;paragraphs
B66(c);34;paragraphs
B66(c);35;paragraphs
B66(h);10;paragraphs
B66(h);11;paragraphs
B66(h);12;paragraphs
B66(h);13;paragraphs
B72(e)(iii);59(b);paragraphs
B72(e)(iii);B133;paragraphs
B73;B72(b);paragraphs
B73;B72(c);paragraphs
B73;B72(d);paragraphs
B73;B72(e);paragraphs
B93;14;paragraphs
B93;15;paragraphs
B93;16;paragraphs
B93;17;paragraphs
B93;18;paragraphs
B93;19;paragraphs
B93;20;paragraphs
B93;21;paragraphs
B93;22;paragraphs
B93;23;paragraphs
B93;24;paragraphs
B95;55;paragraphs
B95;56;paragraphs
B95;57;paragraphs
B95;58;paragraphs
B95;59;paragraphs
B95A;49;paragraphs
B95A;50;paragraphs
B95A;51;paragraphs
B95A;52;paragraphs
B101(a);B105;paragraphs
B101(a);B106;paragraphs
B103;B67;paragraphs
B103;B68;paragraphs
B103;B69;paragraphs
B103;B70;paragraphs
B103;B71;paragraphs
B103;B68;paragraphs
B103;B69;paragraphs
B103;B70;paragraphs
B104(b);B110;paragraphs
B104(b);B111;paragraphs
B104(b);B112;paragraphs
B104(b);B113;paragraphs
B104(b);B114;paragraphs
B104(b);B115;paragraphs
B104(b);B116;paragraphs
B104(b);B117;paragraphs
B104(b);B118;paragraphs
B107(b);B101(b);paragraphs
B107(b);B101(c);paragraphs
B107(b)(ii);B37;paragraphs
B107(b)(ii);B38;paragraphs
B110;B111;paragraphs
B110;B112;paragraphs
B110;B113;paragraphs
B110;B114;paragraphs
B113(a);B96;paragraphs
B113(a);B97;paragraphs
B114;B112;paragraphs
B114;B113;paragraphs
B119;44(e);paragraphs
B119;45(e);paragraphs
B119;66(e);paragraphs
B119F(a);50(a);paragraphs
B119F(a);51;paragraphs
B119F(a);52;paragraphs
B122;B123;paragraphs
B122;B124;paragraphs
B123(b);47;paragraphs
B123(b);48;paragraphs
B123(b);49;paragraphs
B123(b);50;paragraphs
B123(b);51;paragraphs
B123(b);52;paragraphs
B124(b)(ii);44(c);paragraphs
B124(b)(ii);45(c);paragraphs
B124(c);44(e);paragraphs
B124(c);45(e);paragraphs
B126;55;paragraphs
B126;56;paragraphs
B126;57;paragraphs
B126;58;paragraphs
B127;B126(a);paragraphs
B127;B126(b);paragraphs
B133;53;paragraphs
B133;54;paragraphs
B133;55;paragraphs
B133;56;paragraphs
B133;57;paragraphs
B133;58;paragraphs
B133;59;paragraphs
C2;C1;paragraphs
C2;C3;paragraphs
C2;C4;paragraphs
C2;C5;paragraphs
C2;C5A;paragraphs
C2;C6;paragraphs
C2;C7;paragraphs
C2;C8;paragraphs
C2;C9;paragraphs
C2;C9A;paragraphs
C2;C10;paragraphs
C2;C11;paragraphs
C2;C12;paragraphs
C2;C13;paragraphs
C2;C14;paragraphs
C2;C15;paragraphs
C2;C15A;paragraphs
C2;C16;paragraphs
C2;C17;paragraphs
C2;C18;paragraphs
C2;C19;paragraphs
C2;C20;paragraphs
C2;C20A;paragraphs
C2;C21;paragraphs
C2;C22;paragraphs
C2;C22A;paragraphs
C2;C23;paragraphs
C2;C24;paragraphs
C2;C25;paragraphs
C2;C26;paragraphs
C2;C27;paragraphs
C2;C28;paragraphs
C2;C29;paragraphs
C2;C30;paragraphs
C2;C31;paragraphs
C2;C32;paragraphs
C2;C33;paragraphs
C5(a);C6;paragraphs
C5(a);C7;paragraphs
C5(a);C8;paragraphs
C5(a);C9;paragraphs
C5(a);C9A;paragraphs
C5(a);C10;paragraphs
C5(a);C11;paragraphs
C5(a);C12;paragraphs
C5(a);C13;paragraphs
C5(a);C14;paragraphs
C5(a);C15;paragraphs
C5(a);C15A;paragraphs
C5(a);C16;paragraphs
C5(a);C17;paragraphs
C5(a);C18;paragraphs
C5(a);C19;paragraphs
C5(b);C20;paragraphs
C5(b);C20A;paragraphs
C5(b);C21;paragraphs
C5(b);C22;paragraphs
C5(b);C22A;paragraphs
C5(b);C23;paragraphs
C5(b);C24;paragraphs
C5A;C20;paragraphs
C5A;C20A;paragraphs
C5A;C21;paragraphs
C5A;C22;paragraphs
C5A;C22A;paragraphs
C5A;C23;paragraphs
C5A;C24;paragraphs
C8;C9;paragraphs
C8;C9A;paragraphs
C8;C10;paragraphs
C8;C11;paragraphs
C8;C12;paragraphs
C8;C13;paragraphs
C8;C14;paragraphs
C8;C15;paragraphs
C8;C15A;paragraphs
C8;C16;paragraphs
C8;C17;paragraphs
C8;C18;paragraphs
C8;C19;paragraphs
C9(a);14;paragraphs
C9(a);15;paragraphs
C9(a);16;paragraphs
C9(a);17;paragraphs
C9(a);18;paragraphs
C9(a);19;paragraphs
C9(a);20;paragraphs
C9(a);21;paragraphs
C9(a);22;paragraphs
C9(a);23;paragraphs
C9(a);24;paragraphs
C9(b);B101;paragraphs
C9(b);B102;paragraphs
C9(b);B103;paragraphs
C9(b);B104;paragraphs
C9(b);B105;paragraphs
C9(b);B106;paragraphs
C9(b);B107;paragraphs
C9(b);B108;paragraphs
C9(b);B109;paragraphs
C9(c);B98;paragraphs
C9(c);B99;paragraphs
C9(c);B100;paragraphs
C11;49;paragraphs
C11;50;paragraphs
C11;51;paragraphs
C11;52;paragraphs
C11;C12;paragraphs
C11;C13;paragraphs
C11;C14;paragraphs
C11;C15;paragraphs
C11;C15A;paragraphs
C11;C16;paragraphs
C13(a);36;paragraphs
C13(a);B72;paragraphs
C13(a);B73;paragraphs
C13(a);B74;paragraphs
C13(a);B75;paragraphs
C13(a);B76;paragraphs
C13(a);B77;paragraphs
C13(a);B78;paragraphs
C13(a);B79;paragraphs
C13(a);B80;paragraphs
C13(a);B81;paragraphs
C13(a);B82;paragraphs
C13(a);B83;paragraphs
C13(a);B84;paragraphs
C13(a);B85;paragraphs
C13(b);36;paragraphs
C13(b);B72;paragraphs
C13(b);B73;paragraphs
C13(b);B74;paragraphs
C13(b);B75;paragraphs
C13(b);B76;paragraphs
C13(b);B77;paragraphs
C13(b);B78;paragraphs
C13(b);B79;paragraphs
C13(b);B80;paragraphs
C13(b);B81;paragraphs
C13(b);B82;paragraphs
C13(b);B83;paragraphs
C13(b);B84;paragraphs
C13(b);B85;paragraphs
C15;C12;paragraphs
C15;C13;paragraphs
C15;C14;paragraphs
C15A;66A;paragraphs
C15A;66B;paragraphs
C15A(a);C16;paragraphs
C15A(a);C20;paragraphs
C16;C12;paragraphs
C16;C13;paragraphs
C16;C14;paragraphs
C16;C12;paragraphs
C16;C13;paragraphs
C16;C14;paragraphs
C18(a);B72(b);paragraphs
C18(a);B72(c);paragraphs
C18(a);B72(d);paragraphs
C18(a);B72(e);paragraphs
C18(a);B72(e)(i);paragraphs
C18(a);B72(e)(ii);paragraphs
C18(b);88(b);paragraphs
C18(b);89(b);paragraphs
C19(a);B72(b);paragraphs
C19(a);B72(c);paragraphs
C19(a);B72(d);paragraphs
C19(a);B72(e);paragraphs
C19(b);88(b);paragraphs
C19(b);89(b);paragraphs
C20A(a);C16;paragraphs
C20A(a);C20;paragraphs
C21(a);14;paragraphs
C21(a);15;paragraphs
C21(a);16;paragraphs
C21(a);17;paragraphs
C21(a);18;paragraphs
C21(a);19;paragraphs
C21(a);20;paragraphs
C21(a);21;paragraphs
C21(a);22;paragraphs
C21(a);23;paragraphs
C21(a);24;paragraphs
C21(b);B101;paragraphs
C21(b);B102;paragraphs
C21(b);B103;paragraphs
C21(b);B104;paragraphs
C21(b);B105;paragraphs
C21(b);B106;paragraphs
C21(b);B107;paragraphs
C21(b);B108;paragraphs
C21(b);B109;paragraphs
C21(c);B98;paragraphs
C21(c);B99;paragraphs
C21(c);B100;paragraphs
C23;B72(b);paragraphs
C23;B72(c);paragraphs
C23;B72(d);paragraphs
C23;B72(e);paragraphs
C23;B72(e)(i);paragraphs
C23;B72(e)(ii);paragraphs
C26;93;paragraphs
C26;94;paragraphs
C26;95;paragraphs
C26;96;paragraphs
C26;97;paragraphs
C26;98;paragraphs
C26;99;paragraphs
C26;100;paragraphs
C26;101;paragraphs
C26;102;paragraphs
C26;103;paragraphs
C26;104;paragraphs
C26;105;paragraphs
C26;105A;paragraphs
C26;105B;paragraphs
C26;105C;paragraphs
C26;106;paragraphs
C26;107;paragraphs
C26;108;paragraphs
C26;109;paragraphs
C26;110;paragraphs
C26;111;paragraphs
C26;112;paragraphs
C26;113;paragraphs
C26;114;paragraphs
C26;115;paragraphs
C26;116;paragraphs
C26;117;paragraphs
C26;118;paragraphs
C26;119;paragraphs
C26;120;paragraphs
C26;121;paragraphs
C26;122;paragraphs
C26;123;paragraphs
C26;124;paragraphs
C26;125;paragraphs
C26;126;paragraphs
C26;127;paragraphs
C26;128;paragraphs
C26;129;paragraphs
C26;130;paragraphs
C26;131;paragraphs
C26;132;paragraphs
C32(b);C29(a);paragraphs
C32(b);C29(b);paragraphs
C32(b);C29(c);paragraphs
C32(b);C29(d);paragraphs
C32(b);C29(e);paragraphs
